"","TempStatus","Frequency","fraction","ymax","ymin","labelPosition","label"
"1","Cool",289,0.789617486338798,0.789617486338798,0,0.394808743169399,"Cool
 value: 289"
"2","Hot",77,0.210382513661202,1,0.789617486338798,0.894808743169399,"Hot
 value: 77"
